bucket,horizon,n_events,n_tickers,mean_stock,mean_spy,mean_excess,median_excess,ticker_equal_mean_excess,positive_excess_rate,mean_mm_car,median_mm_car
<= -10%,1w,227,71,0.006148070481935248,0.0058128239616960925,-0.00020307817327341857,-0.008920510028855633,0.005395444780200354,0.42731277533039647,-0.004045632709642817,-0.008764384361963418
<= -10%,1m,226,71,0.015703562948880683,0.008658383396401395,0.006317997425357393,-0.004193708942063001,0.015881898995528533,0.4778761061946903,-0.0038655633856568123,-0.007269483808925505
<= -10%,3m,216,69,0.07011824191044709,0.030624838799827834,0.034789617673223056,0.033557630015395246,0.04311624787856347,0.5601851851851852,0.004985457554852937,0.015193134203079342
<= -10%,6m,207,69,0.16481880874554247,0.06262740043483585,0.09014629997334563,0.048100477104028316,0.0925415160205815,0.5700483091787439,0.024408650271419873,0.016306861590300193
<= -10%,1y,194,67,0.389774307989858,0.13986853294612925,0.21361267560998953,0.09210133074411975,0.2147272010140047,0.5824742268041238,0.0635918694075625,0.01618593380015146
-10 to -5%,1w,532,94,0.0017902922834581974,0.004077607630293906,-0.002418778541399089,-0.005188588390010462,0.001329504632024418,0.42293233082706766,-0.006113062613595016,-0.007058441425737694
-10 to -5%,1m,531,94,0.015224895854329143,0.01208182904431995,0.0029969359626201833,-0.0034370037353601557,0.007977230688120656,0.4613935969868173,-0.009251697001322305,-0.014044119922789575
-10 to -5%,3m,511,93,0.04865889785202856,0.0384073717982364,0.009631704004812277,0.003458751841751706,0.0018240625958124708,0.5146771037181996,-0.023901928482584267,-0.013496078748593534
-10 to -5%,6m,499,93,0.11814759881091896,0.07706444399013668,0.03673905447056703,0.007783998898883704,0.040955247583508124,0.5130260521042084,-0.04201175444584299,-0.03570240283510464
-10 to -5%,1y,471,92,0.30541795180900083,0.15031206878857667,0.1292588291410423,0.046704393245353026,0.10923220144177322,0.5817409766454352,-0.02597680942431577,-0.03485280987012625
-5 to -2%,1w,691,95,0.0034703668625736864,0.0026256909628677794,0.0008378423475626138,0.00047642323204666326,0.006446477381906014,0.5065123010130246,-0.0020545020291894453,-0.002201355214902766
-5 to -2%,1m,687,95,0.020633158019835535,0.011804425586954253,0.008556717096054529,0.00013595505133889851,0.03550730531811066,0.5007278020378457,-0.0047090438761619845,-0.006062931105773777
-5 to -2%,3m,677,95,0.06753153323293995,0.03519836690192907,0.029621673160173896,0.007590253160560501,0.08472827639613892,0.5243722304283605,-0.012280331822748541,-0.009762158617724372
-5 to -2%,6m,656,94,0.14018145061159462,0.0737191210162926,0.06001778664575027,0.014693968395134593,0.1729306513127705,0.5396341463414634,-0.027305505837819617,-0.024938800097627778
-5 to -2%,1y,628,93,0.3234873179851702,0.14636175340387442,0.14670702116031906,0.025367064720322463,0.4485125322515545,0.5509554140127388,-0.04873466983567816,-0.05722708754389158
-2 to +2%,1w,1277,94,0.004912147701758745,0.004161071948644456,0.0007460871497647,-0.0018908570815638903,-0.0017877699933312654,0.4745497259201253,-0.0010593469535212438,-0.0012755107229282746
-2 to +2%,1m,1276,94,0.017986652567301063,0.014364340042396768,0.0038916683017317464,0.000871794056949593,0.0007026268199962964,0.5047021943573667,-0.0032475872241894805,-0.002677459415572835
-2 to +2%,3m,1262,94,0.046486218853708294,0.037228928349244544,0.009009015607029767,-2.2028448613653495e-05,0.015831534197305545,0.5,-0.010535068247166494,-0.005646738788614616
-2 to +2%,6m,1245,94,0.11060920053763634,0.07415907855547764,0.0344367276593973,0.01085061014692057,0.06045102932867811,0.5301204819277109,-0.006670632956566987,-0.008093805637312632
-2 to +2%,1y,1194,93,0.23623767522049413,0.14778623575905192,0.07539537592353295,0.024673989968443277,0.17029720629325,0.5561139028475712,-0.01155021825571659,-0.012922888374869448
+2 to +5%,1w,769,93,0.0018749229790988363,0.0031418422694404883,-0.0014255935230791923,-0.0008857121317921157,-0.003908445418317897,0.48764629388816644,-0.0025914883510449868,-0.0018373824171237737
+2 to +5%,1m,768,93,0.009358138442544902,0.00988931022179196,-0.0007911085455947893,0.001671569654482341,-0.005937401056109781,0.5104166666666666,-0.004859798765698215,-0.0002568034671826258
+2 to +5%,3m,760,93,0.05044121487676193,0.033330594515788424,0.01636936774267078,0.005330316943202962,0.020678680442788797,0.525,0.0023284146024004897,-0.0026585448406358896
+2 to +5%,6m,752,93,0.11553285262516669,0.06679232852454547,0.04387729562449088,0.016979712276852243,0.09314393011411402,0.5425531914893617,0.004791741777192444,-0.006399342883241401
+2 to +5%,1y,725,93,0.3037340540174549,0.14295569150021473,0.1303048724671837,0.04370465985438177,0.42943080196690053,0.5917241379310345,0.0020499394119221667,-0.0127239216198166
+5 to +10%,1w,591,93,0.009156314468906288,0.003466698738310884,0.0055509230444148894,0.0025296305860278423,0.004988324416735337,0.5194585448392555,0.0027071705887426055,0.0009407659841734108
+5 to +10%,1m,589,93,0.01951135725457378,0.01063782781518795,0.008172763155942533,0.0011995145378325134,0.011991575982608168,0.5144312393887945,-0.002457123547517208,-0.003078744682756712
+5 to +10%,3m,579,93,0.05408278942630586,0.03320796203981345,0.019470586839133823,0.011694838823920417,0.02681176828383017,0.531951640759931,-0.008104904010210431,-0.003201448301899175
+5 to +10%,6m,565,92,0.14094869475489302,0.0695425812955508,0.0635725700417332,0.03085461139500456,0.0869962101594749,0.5646017699115045,0.0035204218214849245,-0.00475033525221456
+5 to +10%,1y,530,89,0.2976298981228714,0.1412490312149661,0.13186823781929632,0.05458843207111974,0.14826853921990474,0.6018867924528302,0.0035821191619911335,-0.011857599646261686
>= +10%,1w,336,74,0.011667570313703935,0.003640186077316401,0.00783989610447708,0.004749509894437121,0.005438532967533369,0.5446428571428571,0.004284018664670166,0.0023743705386231623
>= +10%,1m,334,74,0.041969265342768396,0.012092990169192522,0.02869599410938741,0.025282698695886063,0.028064287873638637,0.6167664670658682,0.014972722697264473,0.017837276074109457
>= +10%,3m,322,73,0.1352890813110871,0.04032765921970941,0.08831926212594328,0.05972752771384682,0.08530440919660567,0.6024844720496895,0.04125670697600725,0.024057834534803275
>= +10%,6m,307,72,0.26179338797908186,0.06828197511442669,0.17523686111048148,0.073560824943667,0.19746828364297617,0.6319218241042345,0.05877110657006975,0.03503828958909606
>= +10%,1y,291,70,0.5461652094601768,0.1579708240070244,0.3180092036496422,0.12577430796128297,0.313514706428937,0.6529209621993127,0.0627858485122123,0.023569874309961394
