ticker,side,events,mean_reaction,mean_excess,median_excess
AAPL,down,6,-0.06627917546183319,-0.040038058175946876,-0.05878523624433252
ABNB,down,9,-0.08651621113637663,-0.014068558044701727,0.03898777986688673
ADBE,down,12,-0.09451297094061795,-0.03495679973461612,-0.0005452430385016749
ADI,down,1,-0.07160543009735432,-0.055380744273139215,-0.055380744273139215
ADP,down,6,-0.0712031989069463,0.036057075327710374,0.0023386253947476066
ADSK,down,10,-0.09312068608084209,-0.012371376996872107,-0.008821160060014266
AEP,down,1,-0.06459416439290289,0.039814486083600276,0.039814486083600276
ALAB,down,5,-0.13408429080348228,0.34245205890425645,0.21507690237028226
ALNY,down,10,-0.12612128946118903,-0.017287878183345724,-0.02907100686203823
AMAT,down,7,-0.08184272876729816,-0.019639744036116045,-0.052390005061256906
AMD,down,19,-0.10360245407727912,0.12932823558254997,0.09636766938771923
AMGN,down,8,-0.06639841427761414,-0.008161130227207825,-0.004917035054335772
AMZN,down,15,-0.07993806553826216,0.026811683939663836,0.017379454085733714
APP,down,4,-0.14616558474100666,-0.10136708601630924,0.04936162226260876
ARM,down,3,-0.11481890652306041,0.11405520704720289,0.10519252634913845
ASML,down,6,-0.09993602861421376,-0.024525683241565583,-0.04539731879474207
AVGO,down,7,-0.07955317844301855,0.0393113314596405,0.049516801589335024
AXON,down,15,-0.11122850146194647,-0.0026007142611253714,-0.023818195667842046
BKNG,down,11,-0.08420616308305294,-0.011153301722350538,-0.019684994849835213
BKR,down,5,-0.0718889900992115,0.05315341928191157,0.07134922176015901
CCEP,down,2,-0.08319884776888409,-0.07548463559005447,-0.07548463559005447
CDNS,down,8,-0.06672496494856966,0.09150948494925998,0.07916494145043973
CEG,down,3,-0.08538301572636187,0.19778124672993394,0.2945338098388426
CMCSA,down,7,-0.07762531791097245,-0.043226847389961666,-0.044703450923187005
COST,down,5,-0.06285865373994519,0.06991323113946982,0.06463883331346465
CPRT,down,5,-0.08503642220722514,0.010979952206345223,0.005127525545698619
CRWD,down,6,-0.08894628219861088,0.020126754796267816,0.09215925161886351
CRWV,down,4,-0.16960698298420532,-0.057670855920531144,-0.09122541020925451
CSCO,down,11,-0.08574250235118772,0.04792556197471552,0.01114304923549847
CSX,down,4,-0.07160227849493023,-0.007800634734651063,-0.009630718540097838
CTAS,down,2,-0.07898989719390775,0.02504643137359569,0.02504643137359569
DASH,down,6,-0.09575397420903858,0.029337090050861363,0.00950639826673566
DDOG,down,7,-0.12225405777287524,0.05776138894524132,0.033740400899198886
DXCM,down,11,-0.12423065412672146,0.006069559185016989,0.011707989555705733
FANG,down,5,-0.07163576786701427,-0.05570717194526645,-0.07654843530284605
FAST,down,7,-0.07130120471399061,-0.04050318104960583,-0.04011988158718505
FTNT,down,16,-0.11593253957078489,0.009957637621796085,0.023788847083601072
GEHC,down,4,-0.10176393919886478,0.0029363932991556263,0.014931148395160965
GILD,down,6,-0.07645020257161066,-0.050579858644295574,-0.05806611410708107
GOOG,down,7,-0.07021361965832083,-0.0006179935641857556,-0.0006993063284601586
GOOGL,down,7,-0.07029965441234269,-0.004668195552270493,-0.009295108422453124
HON,down,5,-0.05586946242588464,0.01800974298859901,0.012907470604206939
HONA,down,1,-0.23040458369852634,,
IDXX,down,7,-0.09082033246636208,-0.014220675005430006,0.015721322635627866
INTC,down,21,-0.10032554371767193,0.032005817750993655,-0.022708270847004608
INTU,down,7,-0.09543522003327168,0.031007462778235708,0.03314439450327278
ISRG,down,9,-0.08161396463968426,0.042419636525903956,0.05615538303710088
KDP,down,5,-0.05962023955393973,0.006462560511788329,0.041223638964901
KLAC,down,8,-0.0782070175279958,0.05975959107346074,0.11575021132582597
LIN,down,2,-0.06348170562497324,0.025331496849800406,0.025331496849800406
LITE,down,10,-0.106997214911325,-0.059053054066685186,-0.06584526784010608
LRCX,down,4,-0.06381203713392081,-0.005907065246853499,-0.052693014342982125
MAR,down,6,-0.06172895565926314,0.03866545374975496,0.02408633739153454
MCHP,down,7,-0.08025210359058887,0.018696275559689668,-0.08376742224894196
MDLZ,down,2,-0.06768261920579938,-0.05177558043255642,-0.05177558043255642
MELI,down,10,-0.10152951586979105,0.08346437827779486,0.09429708294903971
META,down,12,-0.11361230246098848,-0.0068658789438514585,-0.026431341318511214
MNST,down,5,-0.10223417663072806,0.08604578773423151,0.10636254296142966
MPWR,down,4,-0.10944622200585041,0.04471472048688413,0.07972624878668222
MRVL,down,14,-0.09243687614425182,0.04199408757447965,0.00960626044809132
MSFT,down,5,-0.07744464593601785,0.037320306566337516,0.05279257201750065
MSTR,down,11,-0.09694271206235015,0.024169462655834927,0.008157285377561885
MU,down,11,-0.09246972031237446,0.10144725616392204,0.138458006631466
NBIS,down,1,-0.07242800570030639,-0.12255120938813002,-0.12255120938813002
NFLX,down,19,-0.10879906083120865,-0.08158940932856372,-0.08976429075766695
NVDA,down,8,-0.07891973990669741,0.027811809195199502,0.07158276325074531
NXPI,down,7,-0.0882680927004851,-0.04985277073824305,-0.06537780615732036
ODFL,down,6,-0.08293988683539828,0.005274773124803567,-0.008136715801213279
ORLY,down,5,-0.07809757017999723,0.11660085626482769,0.1437257579343394
PANW,down,13,-0.11722414664607725,0.05787313382654677,0.01607333946352174
PAYX,down,4,-0.07156412526669062,-0.027659930892961454,-0.0269279159972437
PCAR,down,6,-0.06512736419446709,-0.005141656092234177,0.02429777469571326
PDD,down,13,-0.1286234109936621,0.053917246333962006,-0.021440114355114392
PEP,down,2,-0.05997192058521966,-0.048042946362024,-0.048042946362024
PLTR,down,10,-0.12180198107857403,-0.033537644849118795,-0.019510933412236142
PYPL,down,13,-0.11471803730872329,-0.043223891516936105,-0.059964341154759127
QCOM,down,15,-0.08489963841048796,0.035116561458601744,-0.0044176358521768044
REGN,down,6,-0.0636855077832509,-0.06761864343494706,-0.0742322365806043
RKLB,down,1,-0.11098853514130835,0.9422100942724603,0.9422100942724603
ROP,down,7,-0.06308413510271564,-0.0347158863419834,-0.03864983293040225
ROST,down,8,-0.08809581041842032,0.048001821338867684,0.08538124106681722
SBUX,down,6,-0.08465530783459028,-0.02949343470066797,-0.03596085564327206
SHOP,down,12,-0.10786610655035174,-0.05453376618362335,-0.014342346463837918
SNDK,down,1,-0.06657227580176128,,
SNPS,down,7,-0.1133310277771014,0.05649612893327871,0.04235190127586663
SPCX,down,1,-0.1343924413416725,,
STX,down,13,-0.1019188192354621,0.009852786873229009,-0.03213996637443728
TER,down,14,-0.09896649319001202,0.01192259088345988,0.013219195585951748
TMUS,down,4,-0.08166248159747785,0.014619427759141712,0.07628103499262329
TRI,down,4,-0.08016745171018302,-0.10496111091766107,-0.10272177934383231
TSLA,down,17,-0.08480040748926551,0.04996192349704171,0.07224190428548516
TTWO,down,13,-0.0876131262165042,0.03684572393404603,0.09548556942676889
TXN,down,9,-0.07334016755554298,0.00145112741476409,0.003458751841751706
VRTX,down,4,-0.10934327893519319,-0.06446583231546471,-0.02714578703945919
WBD,down,13,-0.10010767500532891,0.07539876027268133,0.005647113935878023
WDAY,down,15,-0.08464731744701129,0.006366810088990368,0.03554239650098978
WDC,down,16,-0.10414835879538628,0.06352022618433822,0.016770520413746937
WMT,down,7,-0.08433904430464201,-0.03473450661554084,0.0008723700523526889
AAPL,up,10,0.06439292864967741,0.073707897727396,0.08085604679161384
ABNB,up,4,0.1418770145919807,-0.17418086302595523,-0.18241987442318652
ADBE,up,5,0.09404917191264399,-0.029297560093256524,-0.045713470707098414
ADI,up,9,0.07003778064391063,-0.020559995945358806,-0.04250582642790668
ADP,up,5,0.0752686820391276,0.03002782754004729,-0.001905083210074765
ADSK,up,13,0.08798965674918463,-0.018217186987948556,-0.02544943008663536
AEP,up,2,0.05536091147504463,-0.04519359584005561,-0.04519359584005561
ALAB,up,2,0.3187134219419504,-0.014362849126084654,-0.014362849126084654
ALNY,up,7,0.10202307821998548,-0.1063884195282022,-0.02190056860352163
AMAT,up,10,0.07553312076872128,0.05176258728495757,0.028040818384864052
AMD,up,15,0.14238734924553803,0.11453144080335316,0.07807999470756566
AMGN,up,8,0.07229333435696922,0.07718324672949937,0.11805985476042269
AMZN,up,16,0.09756499786834111,0.07104180004980022,0.08759903233068167
APP,up,14,0.20896704828063248,0.15666407742854987,0.1417582429902352
ARM,up,4,0.18141155142044357,0.26541151964457804,0.15053522337327752
ASML,up,8,0.0669799278432289,0.07437921004045293,0.031402109375638365
AVGO,up,16,0.0934524900691368,0.04968885103904573,0.05524661739065462
AXON,up,24,0.15157520761679624,0.08886558861471332,0.0612387688878806
BKNG,up,10,0.07215423636346063,-0.023340530889286275,-0.03107333604864404
BKR,up,4,0.0735706937966546,-0.00980061646787985,-0.008989778145342298
CDNS,up,11,0.0914542893695966,0.03108661980089295,0.03405510841231951
CEG,up,6,0.08593501360052931,0.11118214613235765,0.11606380865734511
CMCSA,up,7,0.06337148045337757,-0.07950090856195265,-0.016101453210092154
COST,up,2,0.0544127649573819,0.06537350361037941,0.06537350361037941
CPRT,up,10,0.07415608398251727,0.02865193335495614,0.04209968588096247
CRWD,up,10,0.13094795472092258,0.05880929514082103,0.055927964737938485
CRWV,up,1,0.18977918848965003,,
CSCO,up,12,0.07008782334163248,-0.03186255890518549,-0.02591411292991641
CSX,up,5,0.07201245374085471,0.07320820360123903,0.06999193321280439
CTAS,up,14,0.06740059093124431,0.015000331807953285,0.025779634829658615
DASH,up,7,0.11664132618605613,-0.04896185111552303,0.05015678868969475
DDOG,up,11,0.1852398433078025,0.08177268868516283,0.1231970949239567
DXCM,up,20,0.12262108961000422,0.03993210385493677,0.055122972367850576
EXC,up,2,0.06867390003374063,-0.11492586352537854,-0.11492586352537854
FANG,up,4,0.0634245184527561,-0.13401068256559864,-0.10715713490304335
FAST,up,8,0.08265686878851244,-0.04592896085183493,-0.0461905471107375
FTNT,up,16,0.11729641443416751,0.06937987672932486,0.03464996495600081
GEHC,up,4,0.09578056964581633,-0.18436618545385186,-0.1965890713697157
GILD,up,5,0.07468283018392907,-0.049026393227821805,-0.018253238448442954
GOOG,up,12,0.07627865326088235,-0.009575005354459107,-0.01613429067924249
GOOGL,up,10,0.0801793529720923,-0.0178203750414321,-0.010915021290077542
HON,up,4,0.06024650626235439,-0.018963338979325856,-0.004081485714722
IDXX,up,13,0.10653915780829373,0.02576477450834158,0.06777394239282852
INTC,up,10,0.09486182530639375,0.002045616555549057,0.005254508356746013
INTU,up,10,0.07495947637775033,0.0073092591843917365,0.04575121080162947
ISRG,up,13,0.09585307772492621,0.019524967967226272,0.06251257444262026
KDP,up,4,0.062106173587413493,-0.07036734371101303,-0.08494685407968211
KLAC,up,8,0.08546673134469385,0.058158580643738925,0.07307643111639295
LIN,up,1,0.06380833778471695,0.037062559765309144,0.037062559765309144
LITE,up,15,0.11803831504967628,0.27360731235941105,0.12172835120689685
LRCX,up,13,0.0952089782290834,0.029230568279249136,0.039784736110950014
MAR,up,3,0.07137719791225683,-0.022394648893071484,-0.019582373506927486
MCHP,up,10,0.07541310693290111,0.05344915702945555,0.017381810523219743
MDLZ,up,7,0.059798580573006924,0.0011633908167344627,-0.0009597329472773586
MELI,up,22,0.1224188130034163,0.014778532771680387,0.01881240874025686
META,up,18,0.10331420390454843,0.012695187103241832,0.02107085216711857
MNST,up,15,0.0865560253707454,-0.002683649244081221,-0.02831418656868656
MPWR,up,16,0.08329907825043723,0.04645362941572386,0.11263498972809716
MRVL,up,13,0.1328969502383694,0.1552139051468591,0.12666028452899325
MSFT,up,6,0.08799777875097665,0.03441062471219873,0.01200911861114018
MSTR,up,13,0.11007750497105138,-0.02762760430338481,-0.022609774781870873
MU,up,15,0.09800431148883319,0.04606874317506458,-0.02312175110468384
NBIS,up,4,0.18321798925649557,0.4643393499127473,0.5548423184339106
NFLX,up,18,0.1225284275865628,0.09722809519374977,0.08681875616940704
NVDA,up,19,0.11508386418060175,0.14631585256990176,0.14730139595452996
NXPI,up,7,0.09892946372954518,-0.02384051907801586,-0.022840689758463983
ODFL,up,7,0.0783608475115244,-0.021850227598960808,-0.025740863920462154
ORLY,up,13,0.06959956688006479,-0.01642618124188156,-0.05952981786623557
PANW,up,18,0.09523529856758647,0.015570231584254838,-0.0041995644900524876
PAYX,up,3,0.056285576580410966,-0.019598124435972752,-0.030566714272639017
PCAR,up,3,0.06918446391350848,-0.029129956907304504,-0.00927424491004103
PDD,up,11,0.16671406509788453,0.1565607468688099,0.1777251003639837
PEP,up,2,0.06312527444882432,-0.04960668187979794,-0.04960668187979794
PLTR,up,13,0.1691685183243403,0.1879506612945261,0.07673829314751346
PYPL,up,10,0.08608023911642512,0.045174019381852434,0.03813531596744413
QCOM,up,10,0.09553517654947419,-0.0197505670927998,-0.036659907395939106
REGN,up,9,0.06545879791450197,-0.003353877817706278,-0.013254272523757882
RKLB,up,6,0.1780354017608877,0.11913539020516557,-0.17492854531685864
ROP,up,6,0.07036184011945061,-0.00733500025031919,-0.005164798349690303
ROST,up,12,0.08177900455514053,0.041709813980760756,0.03233591673503633
SBUX,up,8,0.07977554001030143,-0.026093805439882226,0.010562604647155915
SHOP,up,23,0.12053511475530089,0.10858043459251765,0.12607243160054804
SNDK,up,3,0.10105925684313677,0.7293691705879305,0.972505591643549
SNPS,up,10,0.07805444839325001,-0.002117718453483001,-0.0091802775937182
STX,up,14,0.10353832779095165,0.09436641801701191,0.060071977255574116
TER,up,13,0.11476263244704064,0.06808718048132566,0.02725533136113034
TMUS,up,13,0.07268916905233477,-0.03351392399399589,-0.030609993568084803
TRI,up,3,0.07442830275711088,-0.03542330891604931,-0.02078333165543489
TSLA,up,12,0.1121068157825091,0.12004417630764147,-0.01017804954188839
TTWO,up,16,0.09141549581087065,0.04506168030157394,0.07822095311530441
TXN,up,7,0.09600078417644402,0.03402338981014995,0.012638855135354454
VRTX,up,5,0.06716520653973945,-0.09082789464568278,-0.11008337894821862
WBD,up,5,0.09227908004055774,-0.13191800598748113,-0.09772131125072292
WDAY,up,15,0.09778963975843791,-0.05546057830515229,-0.02420911122221414
WDC,up,8,0.08040278524593006,0.31526346799600036,0.21060079582497493
WMT,up,8,0.07680296298143494,0.012767359646967125,-0.006240110708460311
XEL,up,1,0.08082272975742266,-0.04318827557505256,-0.04318827557505256
