reaction_definition,threshold,side,horizon,n_events,n_tickers,mean_excess,median_excess,ticker_equal_mean_excess,positive_excess_rate,cluster_ci_low,cluster_ci_high,mean_mm_car,t_stat_naive,p_value_naive,q_value_bh
reaction_raw,0.02,down,1w,1455,100,-0.001175581960579569,-0.0038003673502448043,0.003504300651345916,0.4577319587628866,-0.003623148265998052,0.001181925872069322,-0.0043474197530462425,-0.8500308506967436,0.3954478791333838,0.4162609254035619
reaction_raw,0.02,down,1m,1449,100,0.005967599265645479,-0.0014206964421041857,0.01463916570596361,0.48792270531400966,0.0014073086608794305,0.010987531434991033,-0.005841167539423827,2.412175986317974,0.01598130891356597,0.02090211711466616
reaction_raw,0.02,down,3m,1410,98,0.02302587994936825,0.00818897610482694,0.06362885767702359,0.5304964539007092,0.012196437090636815,0.03509335644045661,-0.01214270035336783,4.090488830022081,4.548346677240218e-05,9.096693354480436e-05
reaction_raw,0.02,down,6m,1372,98,0.05587721625300342,0.014115914778764727,0.17361841414314794,0.5349854227405247,0.034783754044772665,0.08369479966091616,-0.02326247166339896,5.026347614479708,5.658887881095941e-07,1.7411962711064435e-06
reaction_raw,0.02,down,1y,1300,97,0.15021634956385838,0.04301398213544039,0.43062766818119125,0.5692307692307692,0.10304024378650181,0.21873217139942897,-0.020306435751965227,5.677021146820505,1.6887799650700683e-08,6.755119860280273e-08
reaction_raw,0.02,up,1w,1721,98,0.0031577287767561575,0.0009561706163423445,0.0017374822623855968,0.5090063916327716,0.0007806986177489774,0.005714400386269977,0.0010911880360385165,2.406769739052046,0.016199140763866273,0.02090211711466616
reaction_raw,0.02,up,1m,1716,98,0.00819259503919709,0.004466494166914803,0.007766932450250315,0.5244755244755245,0.003701545600708374,0.012697752979680493,-0.00038028891658318056,3.386193834226878,0.0007246952653015812,0.0012603395918288369
reaction_raw,0.02,up,3m,1685,97,0.02969489130069043,0.01223793998117828,0.034982395752394535,0.5400593471810089,0.02071116965305297,0.039808223489860926,0.0041073550722150265,6.70867502408434,2.6737916109894158e-11,1.7825277406596105e-10
reaction_raw,0.02,up,6m,1647,97,0.07320289288837474,0.02600486396204671,0.10192485716562032,0.5604128718882817,0.05500426289997838,0.09679863996700785,0.011761591676224353,8.46958685824794,5.3762668232840094e-17,2.1505067293136036e-15
reaction_raw,0.02,up,1y,1566,97,0.16706821492967347,0.05797391438966637,0.47369918982658304,0.603448275862069,0.12016595420495581,0.23638289830654466,0.012534136994349238,6.679690188245063,3.3174131262179077e-11,1.89566464355309e-10
reaction_raw,0.05,down,1w,776,97,-0.00210883715346582,-0.00589054076979012,0.003164743742198231,0.42912371134020616,-0.006038509607054472,0.0022046442257506772,-0.00513233901103311,-1.0446025836242658,0.2965323942014815,0.3205755612988989
reaction_raw,0.05,down,1m,774,97,0.00384744237077541,-0.0028563129189276837,0.010949298439107217,0.47674418604651164,-0.0035495566958317504,0.010764635916099873,-0.0067658054136498155,1.1998639072208142,0.2305598133028177,0.2561775703364641
reaction_raw,0.05,down,3m,746,94,0.01989426603313565,0.005859460038329156,0.02119596816541522,0.5214477211796247,0.007280375933833079,0.03383255558973362,-0.013096049661989134,2.6723677973489006,0.007696480089226433,0.011402192724779901
reaction_raw,0.05,down,6m,725,94,0.057222405237710085,0.022924241542405577,0.058247629977856284,0.5420689655172414,0.03481276369103422,0.0837137943529458,-0.015394973539379946,5.065816039101734,5.166094475116139e-07,1.7220314917053794e-06
reaction_raw,0.05,down,1y,680,93,0.16311256373580113,0.052780252247143,0.1536162471799328,0.5838235294117647,0.11683431500862759,0.20644873598158783,0.011997620222050637,7.378815556587843,4.677808095098801e-13,4.677808095098801e-12
reaction_raw,0.05,up,1w,978,97,0.005935561803499529,0.004103259616145771,0.002324189448478093,0.5357873210633947,0.002684266466033534,0.009468245980247255,0.0026893803033382836,3.2574836586120086,0.0011627646982888314,0.001937941163814719
reaction_raw,0.05,up,1m,974,97,0.014244555456589477,0.0077289181652507866,0.008387473067777573,0.5503080082135524,0.0073704838614141455,0.020787625496758153,0.002811086969229959,4.4119285676098645,1.1388716013423245e-05,2.6796978855113517e-05
reaction_raw,0.05,up,3m,953,96,0.04558818860480492,0.021603320564661077,0.03698346024005233,0.5603357817418678,0.03166549962064366,0.059817567350098855,0.012101157051159247,6.892919159386629,9.938843720638059e-12,7.951074976510447e-11
reaction_raw,0.05,up,6m,922,96,0.10182571583827771,0.04082959970471567,0.10408736907934187,0.5878524945770065,0.07150704371106091,0.13223320920608533,0.0247407039136903,7.73615486152274,2.6850922078523024e-14,3.5801229438030695e-13
reaction_raw,0.05,up,1y,875,94,0.19238873870494758,0.07271923507457045,0.16281480085077843,0.6148571428571429,0.1257003263130768,0.26364162163752686,0.027011876362884036,8.44002816335276,1.3073558778661004e-16,2.614711755732201e-15
reaction_raw,0.1,down,1w,236,71,0.0009693319771532174,-0.0082762895723823,0.007386126692921078,0.4364406779661017,-0.008195071927702444,0.010323495560036757,-0.0027813300268077637,0.2007672373188485,0.8410542322280676,0.8410542322280676
reaction_raw,0.1,down,1m,235,71,0.007883763681021155,-0.002270969670233436,0.01766853995196072,0.48936170212765956,-0.004838104558279207,0.02111018999774173,-0.003041243128999313,1.212951636624759,0.22637136867573057,0.2561775703364641
reaction_raw,0.1,down,3m,223,69,0.037561194321374204,0.03397086552751771,0.048781986436199375,0.5605381165919282,0.013591293022080318,0.06590269967331337,0.0042868439583701795,2.511772760029089,0.012724213245032376,0.017550638958665345
reaction_raw,0.1,down,6m,215,69,0.09118324574205311,0.03488600624542304,0.0946906622151991,0.5534883720930233,0.0429984461985957,0.14589949464471386,0.019181815908544477,3.762077431966085,0.0002175537525493771,0.00041438810009405166
reaction_raw,0.1,down,1y,200,68,0.21660141763218532,0.08574172134154912,0.22453548848360994,0.585,0.12115275206162442,0.31104130108366784,0.0580292090806409,4.269870891481572,3.0268022300200046e-05,6.372215221094747e-05
reaction_raw,0.1,up,1w,353,77,0.008664139329156979,0.005483770940095667,0.004102355522511393,0.5410764872521246,0.0027799586754391633,0.01492265372899804,0.00534381950630148,2.6147176847003,0.00931398798212866,0.013305697117326657
reaction_raw,0.1,up,1m,351,77,0.028218734668516206,0.022680345308033534,0.02300538996510159,0.5925925925925926,0.015132879977566484,0.04165703803853275,0.016068519801805195,4.376781825432866,1.5921540334201704e-05,3.538120074267046e-05
reaction_raw,0.1,up,3m,339,76,0.08331520390687872,0.052957864771556507,0.07304177463531893,0.5870206489675516,0.056377792153544916,0.10937574796415378,0.04227774616815728,5.783370148147111,1.66777790034643e-08,6.755119860280273e-08
reaction_raw,0.1,up,6m,324,75,0.17937687427707613,0.0552668488700826,0.17841162605916752,0.6111111111111112,0.12285729911865242,0.2512289942463302,0.068532353738243,5.6399286937966355,3.716996449383126e-08,1.351635072502955e-07
reaction_raw,0.1,up,1y,308,73,0.32489962533426986,0.10938059723192128,0.28103144906327554,0.6331168831168831,0.18880569610132084,0.47922134428128704,0.08493536661225842,6.166813317727245,2.1927404517799564e-09,1.0963702258899782e-08
reaction_raw,0.15,down,1w,91,44,0.0021400485108937477,-0.0026460617033674527,0.007247962946793516,0.4725274725274725,-0.014881973202079192,0.018392815044252112,0.0035252130650582983,0.2727016671684637,0.7857072694246111,0.8058536096662677
reaction_raw,0.15,down,1m,91,44,0.020424844173368904,0.02404638231406042,0.021292208839494554,0.5934065934065934,-0.0010379858914885205,0.03761061235557098,0.01597274800986615,1.7325671075256877,0.08659812235067516,0.1049674210311214
reaction_raw,0.15,down,3m,87,43,0.05778394094134743,0.06163521741846112,0.060128843164410625,0.5862068965517241,0.02129697576378622,0.09848603150749137,0.03612304258499586,2.403646359311292,0.01838081978663968,0.0229760247332996
reaction_raw,0.15,down,6m,84,42,0.1325825239286754,0.08318433213757392,0.11987955284078608,0.6309523809523809,0.07887715359378285,0.1985982327460613,0.06126124328862311,3.2526437244199338,0.0016541035523613523,0.002646565683778164
reaction_raw,0.15,down,1y,75,38,0.2972753887178685,0.19481294547468764,0.24337316943539583,0.64,0.16938246438430826,0.44230581234019234,0.14925554524243204,3.578696768490042,0.0006138101919154052,0.0011160185307552823
reaction_raw,0.15,up,1w,140,51,0.009724443956790913,0.004005592835480853,0.009224552803097754,0.5285714285714286,0.0002688331369530466,0.020363274584665265,0.006232949869106801,1.5791634922586673,0.11657156970324756,0.13714302318029126
reaction_raw,0.15,up,1m,139,51,0.03588117639189798,0.026962205816196017,0.031676447116762825,0.6187050359712231,0.015994790143441174,0.05789000743482856,0.017727001627887345,3.0367909165216864,0.0028596496642793556,0.004399461021968239
reaction_raw,0.15,up,3m,131,47,0.12982284933907004,0.08950788945291599,0.1287989887068807,0.6412213740458015,0.08648799103725847,0.1716679304509647,0.06603277458764659,4.605076631741952,9.696495802096373e-06,2.424123950524093e-05
reaction_raw,0.15,up,6m,121,43,0.26456790460291485,0.13757471422584855,0.3127151530038089,0.6859504132231405,0.16567924131299586,0.382393968258091,0.11244006121065289,4.674692136446823,7.770888537961381e-06,2.0722369434563686e-05
reaction_raw,0.15,up,1y,112,41,0.420942838467599,0.19199199618316465,0.3173889680196543,0.6607142857142857,0.2177121364949315,0.6243785683075008,0.12045824099866898,4.716928797247245,7.015091350326094e-06,2.004311814378884e-05
reaction_excess,0.02,down,1w,1450,100,-0.0005199585290976658,-0.0030851078659257514,0.004237214369383335,0.463448275862069,-0.0029976199606562273,0.0017538984729474076,-0.003872068802228189,-0.3793128884347945,0.7045111081155269,0.7225754955031045
reaction_excess,0.02,down,1m,1444,100,0.006161845608913817,-0.0022455288371832083,0.016630840743230183,0.4826869806094183,0.0017080698735923135,0.010754085032255244,-0.006260970297408433,2.4563447112063437,0.01415294481519402,0.020218492593134317
reaction_excess,0.02,down,3m,1404,98,0.023141190094952267,0.007596427300531339,0.06400699316215468,0.5263532763532763,0.012287859213603076,0.03402854430276492,-0.013831344376449601,4.054693483415059,5.295874779958674e-05,0.00011149210063070895
reaction_excess,0.02,down,6m,1362,98,0.056068091273794175,0.01524486047053708,0.17437823113830417,0.5345080763582967,0.03364913485685031,0.08244428232761085,-0.024724480340714908,5.004672532124757,6.32695763812348e-07,2.1089858793744934e-06
reaction_excess,0.02,down,1y,1293,97,0.1503896186252508,0.04281077022928459,0.43092809826930184,0.5668986852281516,0.10174847871600781,0.21574182172496845,-0.023129831719604213,5.640645174572516,2.079046248959498e-08,8.316184995837992e-08
reaction_excess,0.02,up,1w,1696,98,0.002841108013623584,0.0010729616606846015,0.0016989412455001766,0.5100235849056604,0.0005852238000145662,0.005371069777386506,0.000624628237933755,2.185372604917524,0.028998011019284762,0.036247513774105955
reaction_excess,0.02,up,1m,1691,98,0.008155321211335746,0.0051486739756585465,0.008047199677777506,0.5328208160851567,0.003625645306114587,0.012554834577605964,-4.8837314814793585e-05,3.631308665508641,0.0002903967783168597,0.0005531367206035423
reaction_excess,0.02,up,3m,1661,97,0.031398550071548466,0.012721350147796295,0.037112788732004826,0.5424443106562312,0.020997919820402552,0.04263815900958193,0.006390711577062903,7.082273559690316,2.086515726503449e-12,2.086515726503449e-11
reaction_excess,0.02,up,6m,1624,97,0.0755615423301196,0.031330363276244944,0.1061193511711617,0.5671182266009852,0.05524660140888438,0.10091640828671261,0.014701749699726563,8.664141394756165,1.0800326537445114e-17,4.3201306149780456e-16
reaction_excess,0.02,up,1y,1546,97,0.1661719772606605,0.06094210815257306,0.473575226169897,0.6067270375161707,0.11168981097041938,0.2363017103797755,0.014166910454786297,6.608697354910172,5.322086745403536e-11,3.548057830269024e-10
reaction_excess,0.05,down,1w,759,98,-0.0017561118963865367,-0.005896004534221233,0.0034767417866545802,0.42424242424242425,-0.0061681663152036185,0.0026199487781621493,-0.005493420980450252,-0.8399621136919174,0.4011944797464942,0.4337237618881018
reaction_excess,0.05,down,1m,757,98,0.003988428552552297,-0.0037655479475251497,0.011179801674068436,0.4663143989431968,-0.002843670724636427,0.010639429220465143,-0.007640460449627498,1.2235538014774172,0.2215018135870746,0.25314492981379955
reaction_excess,0.05,down,3m,727,95,0.01710640737809526,0.008447840022100639,0.021445565538153175,0.5281980742778541,0.005396192352629694,0.02950937441278388,-0.015244284595993293,2.531928317314982,0.011553495940504905,0.01711629028222949
reaction_excess,0.05,down,6m,706,95,0.052398119370106924,0.01905417089599981,0.05874610265795532,0.5297450424929179,0.03142368115370492,0.0746120976401298,-0.02238060879433957,4.787412212973614,2.0595235915342864e-06,6.3369956662593435e-06
reaction_excess,0.05,down,1y,665,94,0.15386731968987805,0.05120959631809652,0.15228565389088336,0.5819548872180451,0.10613427691641454,0.20087218324325207,0.00047005985556998616,7.01880433500767,5.539222159244377e-12,4.4313777273955016e-11
reaction_excess,0.05,up,1w,927,97,0.0063805831826898585,0.0039446741267907814,0.003088563899989455,0.5285868392664509,0.002436114898135285,0.010256887670592423,0.0032882129484742067,3.507011166041746,0.0004749387828171038,0.0008259804918558327
reaction_excess,0.05,up,1m,923,97,0.015599371106593223,0.007440869937293204,0.01232641658429902,0.551462621885157,0.008718973072352068,0.023820885583691807,0.003954569892527482,4.662554224617246,3.583872436553501e-06,1.0239635533010002e-05
reaction_excess,0.05,up,3m,901,96,0.04407577378958072,0.019288524654712536,0.03476409752635417,0.5571587125416204,0.028194260349402037,0.061534232379095,0.009817343499455405,6.340416509850654,3.6211292875991484e-10,2.069216735770942e-09
reaction_excess,0.05,up,6m,872,96,0.1028855715991939,0.04211747379779074,0.10446920766964059,0.588302752293578,0.0706415662803293,0.1401856756693752,0.023267814849496235,7.472424063835164,1.9156774770444718e-13,2.5542366360592956e-12
reaction_excess,0.05,up,1y,821,94,0.1978451209577015,0.07958051745139816,0.17175139613670815,0.6199756394640682,0.1308095000242337,0.26903922341693354,0.02492113272182695,8.201390732066532,9.14252582577514e-16,1.828505165155028e-14
reaction_excess,0.1,down,1w,227,71,-0.00020307817327341857,-0.008920510028855633,0.005395444780200354,0.42731277533039647,-0.009998068190911133,0.009433628854000297,-0.004045632709642817,-0.04154859948261746,0.9668952321157198,0.9668952321157198
reaction_excess,0.1,down,1m,226,71,0.006317997425357393,-0.004193708942063001,0.015881898995528533,0.4778761061946903,-0.007114403255578691,0.019863211572226692,-0.0038655633856568123,0.9490202353078657,0.3436285265652077,0.3818094739613419
reaction_excess,0.1,down,3m,216,69,0.034789617673223056,0.033557630015395246,0.04311624787856347,0.5601851851851852,0.008529915115112304,0.06166280984143446,0.004985457554852937,2.275203944786131,0.02387955437460083,0.030812328225291393
reaction_excess,0.1,down,6m,207,69,0.09014629997334563,0.048100477104028316,0.0925415160205815,0.5700483091787439,0.03518407612575981,0.14600699363153893,0.024408650271419873,3.6341135870001726,0.0003522549102942103,0.0006404634732622007
reaction_excess,0.1,down,1y,194,67,0.21361267560998953,0.09210133074411975,0.2147272010140047,0.5824742268041238,0.11462335106617086,0.3053636570593969,0.0635918694075625,4.1174463040793405,5.675591563221049e-05,0.00011351183126442099
reaction_excess,0.1,up,1w,336,74,0.00783989610447708,0.004749509894437121,0.005438532967533369,0.5446428571428571,0.0010398717044302972,0.014291668303253343,0.004284018664670166,2.357474867336179,0.018974322919977436,0.026171479889624052
reaction_excess,0.1,up,1m,334,74,0.02869599410938741,0.025282698695886063,0.028064287873638637,0.6167664670658682,0.015407250156625875,0.04281236449979147,0.014972722697264473,4.485613027331844,1.0022591448645197e-05,2.227242544143377e-05
reaction_excess,0.1,up,3m,322,73,0.08831926212594328,0.05972752771384682,0.08530440919660567,0.6024844720496895,0.05932570927840639,0.11291772446590388,0.04125670697600725,6.010579003452276,5.019100061875942e-09,2.2307111386115295e-08
reaction_excess,0.1,up,6m,307,72,0.17523686111048148,0.073560824943667,0.19746828364297617,0.6319218241042345,0.11028441035354669,0.23683950885925978,0.05877110657006975,5.6719484751091835,3.2701152192975035e-08,1.189132807017274e-07
reaction_excess,0.1,up,1y,291,70,0.3180092036496422,0.12577430796128297,0.313514706428937,0.6529209621993127,0.1878621208612936,0.4533055690434506,0.0627858485122123,6.1657595205504485,2.3466872430837426e-09,1.1733436215418713e-08
reaction_excess,0.15,down,1w,85,43,0.004805006699838146,-0.002289039440730445,0.00976588863484946,0.47058823529411764,-0.012131058128293092,0.020332045973557998,0.0056237392189101435,0.5987118744011042,0.5509761946271743,0.579974941712815
reaction_excess,0.15,down,1m,85,43,0.02065665082137801,0.013752617459844352,0.019954094794064445,0.5529411764705883,0.001843252614185381,0.03810567460896638,0.01759890480026495,1.6758426106022843,0.0974876134435537,0.11469130993359258
reaction_excess,0.15,down,3m,81,42,0.05734614408615871,0.06163521741846112,0.0572826276018417,0.5925925925925926,0.02118339423113477,0.0940773974231982,0.036971621533378046,2.311756315920077,0.023364121712919395,0.030812328225291393
reaction_excess,0.15,down,6m,78,41,0.1361739280206088,0.06113808122694697,0.12639222264730224,0.6153846153846154,0.07773095599875009,0.1997764324901279,0.05651727986488879,3.1409906788578956,0.002389174084299316,0.0036756524373835636
reaction_excess,0.15,down,1y,70,38,0.2999853153068058,0.16397855267032213,0.26683448223340506,0.6285714285714286,0.16449935141913416,0.4584305137907005,0.13190326706168753,3.3630705027680925,0.0012609057729428517,0.0020174492367085626
reaction_excess,0.15,up,1w,130,48,0.01144697155213786,0.004585747519893157,0.009449044895011107,0.5384615384615384,0.0005800682854972635,0.021281105711918033,0.005045130136756264,1.783764265504904,0.07681312797496008,0.0931068217878304
reaction_excess,0.15,up,1m,129,48,0.04006116694278573,0.031083643684381768,0.03709528262785515,0.6356589147286822,0.022431289516503812,0.06001064909016581,0.016012840677576214,3.3762933508544477,0.0009732662306966873,0.001622110384494479
reaction_excess,0.15,up,3m,123,46,0.13733216672801177,0.09598898950905488,0.13515402342686117,0.6585365853658537,0.09474009859859808,0.17942020712917423,0.06683172720905235,4.659996408683267,8.139497354914378e-06,1.915175848215148e-05
reaction_excess,0.15,up,6m,114,42,0.27787651675025815,0.13827940432817787,0.32338187023513776,0.6842105263157895,0.18292178790181982,0.4259396997536663,0.11207385396756521,4.680210934830512,8.01590058290889e-06,1.915175848215148e-05
reaction_excess,0.15,up,1y,105,40,0.4464106906246315,0.2033294215649919,0.33255533736971443,0.6952380952380952,0.25943959329094074,0.6290771533504426,0.10847026085134598,4.759618406834979,6.288323760240208e-06,1.6768863360640554e-05
reaction_mm_car,0.02,down,1w,1329,98,-0.0012139434076643568,-0.003080166223205505,-0.0012355759237971786,0.46275395033860045,-0.003442426514443759,0.0012925620670495522,-0.003810815696504435,-0.9123004206546991,0.36177617307244936,0.39110937629453985
reaction_mm_car,0.02,down,1m,1323,98,0.0033339779717229097,-0.0026947699077923826,0.004326483184759063,0.47770219198790626,-0.0004619176297779186,0.007153622738792685,-0.006576862144799247,1.447706517580499,0.14793624402503294,0.17404264002945052
reaction_mm_car,0.02,down,3m,1287,97,0.01765111699250512,0.005530331241177855,0.015048724477971858,0.5167055167055167,0.008897495504350384,0.027482523340354635,-0.016040716217562867,3.5412865606172477,0.0004124101407961984,0.0007172350274716494
reaction_mm_car,0.02,down,6m,1245,97,0.044701980564310156,0.009899116062439761,0.05161186845356991,0.5253012048192771,0.026337529394218726,0.06210119855480366,-0.02635433814704331,5.658182550759307,1.896905733100558e-08,7.555404601652614e-08
reaction_mm_car,0.02,down,1y,1175,95,0.13008626335455845,0.040957695345849254,0.12487853951307967,0.563404255319149,0.09103023138945497,0.16839186367056816,-0.025860628526257468,8.163163556142155,8.343838673120376e-16,1.6687677346240752e-14
reaction_mm_car,0.02,up,1w,1530,98,0.00294320975167155,0.0012266936823949193,0.0022718470565675558,0.515686274509804,0.00037394367906194167,0.00542715955579277,0.00047873368117491195,2.3021258864265004,0.02146188970397934,0.028615852938639122
reaction_mm_car,0.02,up,1m,1525,98,0.008498975470480844,0.00482099163600247,0.00918235473877764,0.5298360655737705,0.0037691968136433474,0.013127636990956825,0.0003567526844002036,3.6086356304911598,0.0003177620941547562,0.0005777492620995567
reaction_mm_car,0.02,up,3m,1494,97,0.03347573984027602,0.013427729908128905,0.04355254382851633,0.5428380187416332,0.0221358190494001,0.043701551856736014,0.006848631197277302,7.00358531661485,3.7604484398074705e-12,3.0083587518459764e-11
reaction_mm_car,0.02,up,6m,1458,97,0.07211546310680196,0.031330363276244944,0.10842648710342011,0.5665294924554184,0.05178827604192209,0.09459635962217434,0.014218611704312139,7.967908447005002,3.228210130386238e-15,4.3042801738483174e-14
reaction_mm_car,0.02,up,1y,1380,95,0.1374484867006047,0.05463141910173697,0.1475681729522927,0.5942028985507246,0.09202350837725698,0.1888472368418042,0.01355041916416768,8.998255841606074,7.406248497193025e-19,2.96249939887721e-17
reaction_mm_car,0.05,down,1w,703,94,-0.001649117222525985,-0.005896004534221233,-0.0006695269198753882,0.4310099573257468,-0.00597496156679473,0.0025763331171353323,-0.005181559453559094,-0.8018381057948711,0.4229179495760989,0.43376199956522965
reaction_mm_car,0.05,down,1m,700,94,0.0030058390732384333,-0.00372390781568932,0.005397247018828721,0.4657142857142857,-0.0038502551323467806,0.010304186749773946,-0.008412697282360295,0.8853341424655806,0.3762808898061819,0.396085147164402
reaction_mm_car,0.05,down,3m,673,93,0.02114514113414854,0.0065774875255752985,0.020281811694860926,0.5289747399702823,0.006735952176852671,0.03880677454731855,-0.01681943161587171,2.7607705950953396,0.005923847114722816,0.00846263873531831
reaction_mm_car,0.05,down,6m,651,93,0.05450824693991263,0.01841391553169225,0.05458402401373538,0.5314900153609831,0.03044480819546283,0.07989844867089385,-0.023588495558790886,4.615470623338621,4.726937825013098e-06,1.4341932975831007e-05
reaction_mm_car,0.05,down,1y,610,91,0.16350531331884102,0.06698784602363961,0.15330978977447007,0.5918032786885246,0.11371373510550233,0.22260236288141083,-0.005557189426690226,7.046040196822887,4.9979296412919976e-12,3.331953094194665e-11
reaction_mm_car,0.05,up,1w,832,97,0.007153953370748036,0.004645427354209808,0.0031426805871974488,0.5444711538461539,0.0036957215373030587,0.010463332428359751,0.004094824077556528,3.773926082640001,0.0001721168492184195,0.000344233698436839
reaction_mm_car,0.05,up,1m,828,97,0.01450236411493312,0.006986062408819271,0.011319745179876774,0.5471014492753623,0.00798430549862174,0.021929032620041256,0.005280568158167634,4.152462640096828,3.630591527181569e-05,8.067981171514596e-05
reaction_mm_car,0.05,up,3m,807,96,0.045681070588621545,0.01920762065305759,0.037082134262991416,0.5563816604708798,0.027984193607844203,0.0634808960469285,0.013228653622128819,6.11085192297206,1.5418294704727996e-09,7.709147352363999e-09
reaction_mm_car,0.05,up,6m,777,96,0.10269032782683146,0.040598657124727655,0.10835966940464904,0.5791505791505791,0.06657839842043932,0.14327986703373513,0.027432564307150926,6.835600468855637,1.653237034914897e-11,9.447068770942269e-11
reaction_mm_car,0.05,up,1y,728,93,0.1979870271903453,0.06783075891993517,0.16351507491711403,0.6098901098901099,0.12374719375593683,0.2683002243283531,0.03242466802709799,7.503639292848429,1.8167480356316373e-13,1.8167480356316373e-12
reaction_mm_car,0.1,down,1w,211,68,0.0015164560785938884,-0.007810978418246295,0.0010894598129244956,0.43601895734597157,-0.008950068442598639,0.010914082418306903,-0.003014438650522324,0.31655498202337956,0.7518957436206317,0.7518957436206317
reaction_mm_car,0.1,down,1m,211,68,0.006510130886121889,0.002126486786622861,0.010048435858991067,0.5023696682464455,-0.0064851848698016384,0.020719818438656147,-0.0036823196823267536,0.9640766085396667,0.33611637098625413,0.37346263442917127
reaction_mm_car,0.1,down,3m,201,68,0.04022477624773473,0.035087423192786904,0.04684644827413467,0.572139303482587,0.015647544477781022,0.06452929813863274,0.002680929945074972,2.7380595455215517,0.006737856771293156,0.00929359554661125
reaction_mm_car,0.1,down,6m,192,67,0.09601522104425086,0.05007854702058645,0.10135603944945948,0.5833333333333334,0.05126861523918062,0.149695692418108,0.014776661157294738,3.797724992469047,0.000196110036193277,0.00037354292608243235
reaction_mm_car,0.1,down,1y,180,65,0.21206314382693808,0.09114339077568046,0.22127341143802523,0.5833333333333334,0.11894388071349672,0.3215260648960788,0.04063156436142585,4.021315632357037,8.521730751325264e-05,0.00017940485792263713
reaction_mm_car,0.1,up,1w,308,76,0.007655191683763441,0.004219220620609532,0.005149417377661245,0.5487012987012987,0.0012814475071918038,0.013356138438714768,0.0038568807934123927,2.2305449600868115,0.02643368624429145,0.03304210780536431
reaction_mm_car,0.1,up,1m,306,76,0.03008108424356294,0.023161037314279653,0.03196380119195621,0.6143790849673203,0.017990092032146607,0.043652787559141315,0.015938297820017495,4.64692345561145,5.0196765415408525e-06,1.4341932975831007e-05
reaction_mm_car,0.1,up,3m,294,75,0.09329774063227667,0.06088336897203528,0.0834154607085078,0.6122448979591837,0.06523993446603003,0.12313949739080902,0.0408305705960661,6.105288237738701,3.2499702126015595e-09,1.4444312056006932e-08
reaction_mm_car,0.1,up,6m,279,73,0.16472113687824907,0.06827971738891514,0.1771490748730114,0.6308243727598566,0.10594036865939167,0.23454889009302304,0.05336045863670946,5.293464559318245,2.439433905031181e-07,8.131446350103936e-07
reaction_mm_car,0.1,up,1y,262,70,0.3160382359565284,0.11149748861902253,0.2748567520209896,0.648854961832061,0.18137851573882124,0.4575910494047466,0.05714312772277079,5.784229802360493,2.0777362654544688e-08,7.555404601652614e-08
reaction_mm_car,0.15,down,1w,75,40,0.009491049468015423,-0.0009193292194394909,0.011870401307284496,0.49333333333333335,-0.007341058173378952,0.026379876181684137,0.006704300607866259,1.160661835693714,0.24951011832693917,0.2851544209450733
reaction_mm_car,0.15,down,1m,75,40,0.027351322884813463,0.02404638231406042,0.027799376830675588,0.5733333333333334,0.007097170471141032,0.04792374137122887,0.02106912655142582,2.1170386084220647,0.03761792492114945,0.04559748475290843
reaction_mm_car,0.15,down,3m,72,40,0.07546789564744587,0.06203780438790607,0.0722456718668898,0.6111111111111112,0.03505938190392712,0.11866702324962164,0.03748966107691313,2.859969751293076,0.0055596256713885996,0.00823648247613126
reaction_mm_car,0.15,down,6m,69,39,0.14829283737556168,0.06052374014091644,0.13913214130196996,0.6231884057971014,0.06861735075631212,0.22945008939154501,0.05251745303259709,3.11545419731808,0.002689168908545515,0.004137182936223869
reaction_mm_car,0.15,down,1y,62,35,0.32518355589223186,0.16397855267032213,0.301214379495613,0.6290322580645161,0.1671966538392344,0.5058710183390215,0.1278805420009322,3.30732991251742,0.0015823696451874416,0.0026372827419790692
reaction_mm_car,0.15,up,1w,115,42,0.01529567746879871,0.009476768002700364,0.011108933838872055,0.5565217391304348,0.005297023146230603,0.02540207630346012,0.011551548960838277,2.2991301409632174,0.023319027024573464,0.03008906712848189
reaction_mm_car,0.15,up,1m,114,42,0.041139397364721705,0.031286579663882375,0.04218760585138048,0.631578947368421,0.024013718920812704,0.06268189317153787,0.023794646477119714,3.180298346334508,0.0018991900466763456,0.003038704074682153
reaction_mm_car,0.15,up,3m,109,40,0.13666669211823032,0.09578370287413507,0.13628798375963735,0.6513761467889908,0.0908555468973013,0.18968697358355388,0.06506631493559739,4.389877879883384,2.6530770338287373e-05,6.242534197244088e-05
reaction_mm_car,0.15,up,6m,102,37,0.23564358326296503,0.13827940432817787,0.22885181006159697,0.6764705882352942,0.13825182003584122,0.34473751520811896,0.09513250386443886,4.719685495750217,7.617238994365462e-06,2.03126373183079e-05
reaction_mm_car,0.15,up,1y,94,36,0.4594670994595189,0.23972488145927395,0.3716994989482635,0.7021276595744681,0.21028321726374755,0.7204940088637777,0.10012343189489763,4.501298362847636,1.9538375809478113e-05,4.884593952369528e-05
