threshold,side,horizon,n_events,n_tickers,mean_excess,median_excess,ticker_equal_mean_excess,positive_excess_rate,cluster_ci_low,cluster_ci_high,mean_mm_car,t_stat_naive,p_value_naive,q_value_bh
0.02,down,1w,1450,100,-0.0005199585290976658,-0.0030851078659257514,0.004237214369383335,0.463448275862069,-0.0030244633031823046,0.0020697358154998105,-0.003872068802228189,-0.3793128884347945,0.7045111081155269,0.7225754955031045
0.02,down,1m,1444,100,0.006161845608913817,-0.0022455288371832083,0.016630840743230183,0.4826869806094183,0.0015422597996793076,0.011108708148449309,-0.006260970297408433,2.4563447112063437,0.01415294481519402,0.020218492593134317
0.02,down,3m,1404,98,0.023141190094952267,0.007596427300531339,0.06400699316215468,0.5263532763532763,0.012196773371565484,0.03424822275668979,-0.013831344376449601,4.054693483415059,5.295874779958674e-05,0.00011149210063070895
0.02,down,6m,1362,98,0.056068091273794175,0.01524486047053708,0.17437823113830417,0.5345080763582967,0.03382105433650481,0.08120585037600968,-0.024724480340714908,5.004672532124757,6.32695763812348e-07,2.1089858793744934e-06
0.02,down,1y,1293,97,0.1503896186252508,0.04281077022928459,0.43092809826930184,0.5668986852281516,0.10289740423225492,0.21326553439098722,-0.023129831719604213,5.640645174572516,2.079046248959498e-08,8.316184995837992e-08
0.02,up,1w,1696,98,0.002841108013623584,0.0010729616606846015,0.0016989412455001766,0.5100235849056604,0.00040740774764627533,0.005344217434926211,0.000624628237933755,2.185372604917524,0.028998011019284762,0.036247513774105955
0.02,up,1m,1691,98,0.008155321211335746,0.0051486739756585465,0.008047199677777506,0.5328208160851567,0.0037539844958011798,0.012565171369326765,-4.8837314814793585e-05,3.631308665508641,0.0002903967783168597,0.0005531367206035423
0.02,up,3m,1661,97,0.031398550071548466,0.012721350147796295,0.037112788732004826,0.5424443106562312,0.0210137777433435,0.042327999777813735,0.006390711577062903,7.082273559690316,2.086515726503449e-12,2.086515726503449e-11
0.02,up,6m,1624,97,0.0755615423301196,0.031330363276244944,0.1061193511711617,0.5671182266009852,0.05335241956242775,0.09884196632077832,0.014701749699726563,8.664141394756165,1.0800326537445114e-17,4.3201306149780456e-16
0.02,up,1y,1546,97,0.1661719772606605,0.06094210815257306,0.473575226169897,0.6067270375161707,0.11165527647776308,0.22872638471963308,0.014166910454786297,6.608697354910172,5.322086745403536e-11,3.548057830269024e-10
0.05,down,1w,759,98,-0.0017561118963865367,-0.005896004534221233,0.0034767417866545802,0.42424242424242425,-0.0061435364622944725,0.0024561464085508288,-0.005493420980450252,-0.8399621136919174,0.4011944797464942,0.4337237618881018
0.05,down,1m,757,98,0.003988428552552297,-0.0037655479475251497,0.011179801674068436,0.4663143989431968,-0.0030610025893573656,0.010545374528776722,-0.007640460449627498,1.2235538014774172,0.2215018135870746,0.25314492981379955
0.05,down,3m,727,95,0.01710640737809526,0.008447840022100639,0.021445565538153175,0.5281980742778541,0.004821649734726351,0.02940429470419639,-0.015244284595993293,2.531928317314982,0.011553495940504905,0.01711629028222949
0.05,down,6m,706,95,0.052398119370106924,0.01905417089599981,0.05874610265795532,0.5297450424929179,0.030147221186455908,0.07406863036268138,-0.02238060879433957,4.787412212973614,2.0595235915342864e-06,6.3369956662593435e-06
0.05,down,1y,665,94,0.15386731968987805,0.05120959631809652,0.15228565389088336,0.5819548872180451,0.10671096222162987,0.2001993256232175,0.00047005985556998616,7.01880433500767,5.539222159244377e-12,4.4313777273955016e-11
0.05,up,1w,927,97,0.0063805831826898585,0.0039446741267907814,0.003088563899989455,0.5285868392664509,0.0026864441420814964,0.010268520930462278,0.0032882129484742067,3.507011166041746,0.0004749387828171038,0.0008259804918558327
0.05,up,1m,923,97,0.015599371106593223,0.007440869937293204,0.01232641658429902,0.551462621885157,0.008666193677172692,0.0234483480581529,0.003954569892527482,4.662554224617246,3.583872436553501e-06,1.0239635533010002e-05
0.05,up,3m,901,96,0.04407577378958072,0.019288524654712536,0.03476409752635417,0.5571587125416204,0.02814182520167803,0.06156608032836982,0.009817343499455405,6.340416509850654,3.6211292875991484e-10,2.069216735770942e-09
0.05,up,6m,872,96,0.1028855715991939,0.04211747379779074,0.10446920766964059,0.588302752293578,0.07043137846409037,0.13807697765837587,0.023267814849496235,7.472424063835164,1.9156774770444718e-13,2.5542366360592956e-12
0.05,up,1y,821,94,0.1978451209577015,0.07958051745139816,0.17175139613670815,0.6199756394640682,0.1302719248435741,0.2680846130934574,0.02492113272182695,8.201390732066532,9.14252582577514e-16,1.828505165155028e-14
0.1,down,1w,227,71,-0.00020307817327341857,-0.008920510028855633,0.005395444780200354,0.42731277533039647,-0.009607458506535929,0.009919485559562551,-0.004045632709642817,-0.04154859948261746,0.9668952321157198,0.9668952321157198
0.1,down,1m,226,71,0.006317997425357393,-0.004193708942063001,0.015881898995528533,0.4778761061946903,-0.006087291424242281,0.01996491249016754,-0.0038655633856568123,0.9490202353078657,0.3436285265652077,0.3818094739613419
0.1,down,3m,216,69,0.034789617673223056,0.033557630015395246,0.04311624787856347,0.5601851851851852,0.007684595015207996,0.06238336108816948,0.004985457554852937,2.275203944786131,0.02387955437460083,0.030812328225291393
0.1,down,6m,207,69,0.09014629997334563,0.048100477104028316,0.0925415160205815,0.5700483091787439,0.036735262655620216,0.14499317093078845,0.024408650271419873,3.6341135870001726,0.0003522549102942103,0.0006404634732622007
0.1,down,1y,194,67,0.21361267560998953,0.09210133074411975,0.2147272010140047,0.5824742268041238,0.11249041707436298,0.31506420663334356,0.0635918694075625,4.1174463040793405,5.675591563221049e-05,0.00011351183126442099
0.1,up,1w,336,74,0.00783989610447708,0.004749509894437121,0.005438532967533369,0.5446428571428571,0.0011789032346094736,0.014487694791579573,0.004284018664670166,2.357474867336179,0.018974322919977436,0.026171479889624052
0.1,up,1m,334,74,0.02869599410938741,0.025282698695886063,0.028064287873638637,0.6167664670658682,0.014494673699458477,0.04253386496962963,0.014972722697264473,4.485613027331844,1.0022591448645197e-05,2.227242544143377e-05
0.1,up,3m,322,73,0.08831926212594328,0.05972752771384682,0.08530440919660567,0.6024844720496895,0.06083088489183224,0.11365677166912364,0.04125670697600725,6.010579003452276,5.019100061875942e-09,2.2307111386115295e-08
0.1,up,6m,307,72,0.17523686111048148,0.073560824943667,0.19746828364297617,0.6319218241042345,0.10796859009045424,0.23953453011622028,0.05877110657006975,5.6719484751091835,3.2701152192975035e-08,1.189132807017274e-07
0.1,up,1y,291,70,0.3180092036496422,0.12577430796128297,0.313514706428937,0.6529209621993127,0.1870134562696386,0.4576735075900876,0.0627858485122123,6.1657595205504485,2.3466872430837426e-09,1.1733436215418713e-08
0.15,down,1w,85,43,0.004805006699838146,-0.002289039440730445,0.00976588863484946,0.47058823529411764,-0.012027435883896034,0.02108992098023962,0.0056237392189101435,0.5987118744011042,0.5509761946271743,0.579974941712815
0.15,down,1m,85,43,0.02065665082137801,0.013752617459844352,0.019954094794064445,0.5529411764705883,0.0012988652071523512,0.039875291389804036,0.01759890480026495,1.6758426106022843,0.0974876134435537,0.11469130993359258
0.15,down,3m,81,42,0.05734614408615871,0.06163521741846112,0.0572826276018417,0.5925925925925926,0.021109497139104587,0.09423684058559381,0.036971621533378046,2.311756315920077,0.023364121712919395,0.030812328225291393
0.15,down,6m,78,41,0.1361739280206088,0.06113808122694697,0.12639222264730224,0.6153846153846154,0.07278887381198323,0.2002912384237026,0.05651727986488879,3.1409906788578956,0.002389174084299316,0.0036756524373835636
0.15,down,1y,70,38,0.2999853153068058,0.16397855267032213,0.26683448223340506,0.6285714285714286,0.16060909697258333,0.45702635933583424,0.13190326706168753,3.3630705027680925,0.0012609057729428517,0.0020174492367085626
0.15,up,1w,130,48,0.01144697155213786,0.004585747519893157,0.009449044895011107,0.5384615384615384,0.000920513182022186,0.021420754712182816,0.005045130136756264,1.783764265504904,0.07681312797496008,0.0931068217878304
0.15,up,1m,129,48,0.04006116694278573,0.031083643684381768,0.03709528262785515,0.6356589147286822,0.022821237014958164,0.060227392603482595,0.016012840677576214,3.3762933508544477,0.0009732662306966873,0.001622110384494479
0.15,up,3m,123,46,0.13733216672801177,0.09598898950905488,0.13515402342686117,0.6585365853658537,0.09670359734568386,0.18282562486307327,0.06683172720905235,4.659996408683267,8.139497354914378e-06,1.915175848215148e-05
0.15,up,6m,114,42,0.27787651675025815,0.13827940432817787,0.32338187023513776,0.6842105263157895,0.17781518885987205,0.42509903224538115,0.11207385396756521,4.680210934830512,8.01590058290889e-06,1.915175848215148e-05
0.15,up,1y,105,40,0.4464106906246315,0.2033294215649919,0.33255533736971443,0.6952380952380952,0.2591524964341016,0.6378652029006752,0.10847026085134598,4.759618406834979,6.288323760240208e-06,1.6768863360640554e-05
