threshold,side,horizon,signal_mean,neutral_mean,difference,welch_t,p_value,signal_n,neutral_n,q_value_bh
0.02,down,1w,-0.0005199585290976658,0.0007460871497647,-0.0012660456788623658,-0.682687216917206,0.49486258899987573,1450,1277,0.5655572445712865
0.02,down,1m,0.006161845608913817,0.0038916683017317464,0.0022701773071820705,0.6400493207388119,0.5221946871855659,1444,1276,0.5802163190950733
0.02,down,3m,0.023141190094952267,0.009009015607029767,0.0141321744879225,2.0147300700364936,0.04404061173690085,1404,1262,0.07659236823808845
0.02,down,6m,0.056068091273794175,0.0344367276593973,0.021631363614396874,1.6627216547560135,0.09651161466156377,1362,1245,0.14847940717163657
0.02,down,1y,0.1503896186252508,0.07539537592353295,0.07499424270171785,2.5590324021717556,0.010577469354424584,1293,1194,0.022653017372587233
0.02,up,1w,0.002841108013623584,0.0007460871497647,0.002095020863858884,1.162061519559364,0.2453047898455616,1696,1277,0.306630987306952
0.02,up,1m,0.008155321211335746,0.0038916683017317464,0.0042636529096039995,1.2666051235274565,0.20540233779335995,1691,1276,0.2650352745720774
0.02,up,3m,0.031398550071548466,0.009009015607029767,0.022389534464518697,3.7169368251435198,0.00020544777706052537,1661,1262,0.0007470828256746376
0.02,up,6m,0.0755615423301196,0.0344367276593973,0.04112481467072229,3.757321426998901,0.00017522916598460483,1624,1245,0.0007009166639384193
0.02,up,1y,0.1661719772606605,0.07539537592353295,0.09077660133712755,3.2498724382224093,0.0011720028439041832,1546,1194,0.003606162596628256
0.05,down,1w,-0.0017561118963865367,0.0007460871497647,-0.0025021990461512366,-1.0274297181851269,0.3044096636998788,759,1277,0.35888232190569014
0.05,down,1m,0.003988428552552297,0.0038916683017317464,9.676025082055052e-05,0.023527908081320274,0.9812321367023918,757,1276,0.9812321367023917
0.05,down,3m,0.01710640737809526,0.009009015607029767,0.008097391771065493,1.026083325785026,0.3050499736198366,727,1262,0.35888232190569014
0.05,down,6m,0.052398119370106924,0.0344367276593973,0.017961391710709623,1.404554568126969,0.16040799462154412,706,1245,0.2212524063745436
0.05,down,1y,0.15386731968987805,0.07539537592353295,0.0784719437663451,3.1299891721302386,0.0017950759385407578,665,1194,0.005128788395830737
0.05,up,1w,0.0063805831826898585,0.0007460871497647,0.005634496032925158,2.553166684886621,0.010760183251978936,927,1277,0.022653017372587233
0.05,up,1m,0.015599371106593223,0.0038916683017317464,0.011707702804861476,2.8001908164405895,0.00516085925779833,923,1276,0.012902148144495824
0.05,up,3m,0.04407577378958072,0.009009015607029767,0.03506675818255095,4.351052272720598,1.4464596398210883e-05,901,1262,9.643064265473921e-05
0.05,up,6m,0.1028855715991939,0.0344367276593973,0.0684488439397966,4.481189532852083,8.090490696543501e-06,872,1245,8.090490696543502e-05
0.05,up,1y,0.1978451209577015,0.07539537592353295,0.12244974503416854,4.532346180455943,6.399031820040137e-06,821,1194,8.090490696543502e-05
0.1,down,1w,-0.00020307817327341857,0.0007460871497647,-0.0009491653230381186,-0.18814735822975812,0.8509100231233085,227,1277,0.8727282288444191
0.1,down,1m,0.006317997425357393,0.0038916683017317464,0.0024263291236256467,0.34106599057611187,0.7332989074079713,226,1276,0.771893586745233
0.1,down,3m,0.034789617673223056,0.009009015607029767,0.025780602066193287,1.6290853565750696,0.10457243177166778,216,1262,0.14938918824523967
0.1,down,6m,0.09014629997334563,0.0344367276593973,0.055709572313948325,2.1700440946148,0.03100106380978838,207,1245,0.0563655705632516
0.1,down,1y,0.21361267560998953,0.07539537592353295,0.13821729968645657,2.5938310080440132,0.010144609331891766,194,1194,0.022653017372587233
0.1,up,1w,0.00783989610447708,0.0007460871497647,0.00709380895471238,1.996918671484074,0.0464581606627402,336,1277,0.07743026777123367
0.1,up,1m,0.02869599410938741,0.0038916683017317464,0.024804325807655667,3.6098919210611085,0.00034151870240003036,334,1276,0.001138395674666768
0.1,up,3m,0.08831926212594328,0.009009015607029767,0.07931024651891351,5.200900246975693,3.2827972746805584e-07,322,1262,1.3131189098722233e-05
0.1,up,6m,0.17523686111048148,0.0344367276593973,0.14080013345108416,4.456364504588141,1.1387106094680226e-05,307,1245,9.109684875744181e-05
0.1,up,1y,0.3180092036496422,0.07539537592353295,0.24261382772610923,4.578332972574041,6.697871728522677e-06,291,1194,8.090490696543502e-05
0.15,down,1w,0.004805006699838146,0.0007460871497647,0.004058919550073446,0.4997321980297673,0.6185092768446464,85,1277,0.668658677669888
0.15,down,1m,0.02065665082137801,0.0038916683017317464,0.01676498251964626,1.3328186014948793,0.1859157037815928,85,1276,0.24788760504212376
0.15,down,3m,0.05734614408615871,0.009009015607029767,0.04833712847912894,1.9227745468679498,0.057881918234593994,81,1262,0.09261106917535039
0.15,down,6m,0.1361739280206088,0.0344367276593973,0.10173720036121149,2.3198349611583637,0.022879917946099646,78,1245,0.04358079608780885
0.15,down,1y,0.2999853153068058,0.07539537592353295,0.22458993938327282,2.494738032281008,0.014913479051696339,70,1194,0.029826958103392677
0.15,up,1w,0.01144697155213786,0.0007460871497647,0.01070088440237316,1.6367871892683599,0.10393806426297884,130,1277,0.14938918824523967
0.15,up,1m,0.04006116694278573,0.0038916683017317464,0.03616949864105398,2.9824395768432233,0.0033754853015901727,129,1276,0.009001294137573794
0.15,up,3m,0.13733216672801177,0.009009015607029767,0.128323151120982,4.313203005229568,3.207110098563741e-05,123,1262,0.00018326343420364236
0.15,up,6m,0.27787651675025815,0.0344367276593973,0.24343978909086084,4.074997691098217,8.46318011193669e-05,114,1245,0.0004231590055968345
0.15,up,1y,0.4464106906246315,0.07539537592353295,0.37101531470109855,3.9228984186873257,0.00015447583059850407,105,1194,0.0006865592471044625
